"ROI (%)","Error Rate (%)","Win/Loss Ratio","# Trades/Day","Ending Balance ($)","# Wins","# Losses","Period","# Days","Trend EMA","Oversold RSI","Oversold RSI Periods","Neutral Rate","Full Parameters"
73.105,41.67,1.4,1.2,1731.05257439,7,5,"10m",10,11,27,6,0.25,"{  ""asset_capital"": 0,  ""buy_pct"": 98,  ""buy_stop_pct"": 0,  ""currency_capital"": 1000,  ""days"": 10,  ""markup_pct"": 0,  ""max_sell_loss_pct"": 25,  ""max_slippage_pct"": 5,  ""min_periods"": 52,  ""mode"": ""sim"",  ""neutral_rate"": 0.25,  ""order_adjust_time"": 30000,  ""oversold_rsi"": 27,  ""oversold_rsi_periods"": 6,  ""period"": ""10m"",  ""profit_stop_enable_pct"": 0,  ""profit_stop_pct"": 1,  ""rsi_periods"": 6,  ""selector"": ""gdax.ETH-USD"",  ""sell_pct"": 98,  ""sell_stop_pct"": 0,  ""start"": 1495929600000,  ""stats"": false,  ""strategy"": ""trend_ema"",  ""trend_ema"": 11,  ""verbose"": false}"
70.575,38.89,1.571,1.8,1705.74693208,11,7,"10m",10,11,24,6,0.25,"{  ""asset_capital"": 0,  ""buy_pct"": 98,  ""buy_stop_pct"": 0,  ""currency_capital"": 1000,  ""days"": 10,  ""markup_pct"": 0,  ""max_sell_loss_pct"": 25,  ""max_slippage_pct"": 5,  ""min_periods"": 52,  ""mode"": ""sim"",  ""neutral_rate"": 0.25,  ""order_adjust_time"": 30000,  ""oversold_rsi"": 24,  ""oversold_rsi_periods"": 6,  ""period"": ""10m"",  ""profit_stop_enable_pct"": 0,  ""profit_stop_pct"": 1,  ""rsi_periods"": 6,  ""selector"": ""gdax.ETH-USD"",  ""sell_pct"": 98,  ""sell_stop_pct"": 0,  ""start"": 1495929600000,  ""stats"": false,  ""strategy"": ""trend_ema"",  ""trend_ema"": 11,  ""verbose"": false}"
70.575,38.89,1.571,1.8,1705.74693208,11,7,"10m",10,11,26,7,0.25,"{  ""asset_capital"": 0,  ""buy_pct"": 98,  ""buy_stop_pct"": 0,  ""currency_capital"": 1000,  ""days"": 10,  ""markup_pct"": 0,  ""max_sell_loss_pct"": 25,  ""max_slippage_pct"": 5,  ""min_periods"": 52,  ""mode"": ""sim"",  ""neutral_rate"": 0.25,  ""order_adjust_time"": 30000,  ""oversold_rsi"": 26,  ""oversold_rsi_periods"": 7,  ""period"": ""10m"",  ""profit_stop_enable_pct"": 0,  ""profit_stop_pct"": 1,  ""rsi_periods"": 7,  ""selector"": ""gdax.ETH-USD"",  ""sell_pct"": 98,  ""sell_stop_pct"": 0,  ""start"": 1495929600000,  ""stats"": false,  ""strategy"": ""trend_ema"",  ""trend_ema"": 11,  ""verbose"": false}"
70.575,38.89,1.571,1.8,1705.74693208,11,7,"10m",10,11,29,8,0.25,"{  ""asset_capital"": 0,  ""buy_pct"": 98,  ""buy_stop_pct"": 0,  ""currency_capital"": 1000,  ""days"": 10,  ""markup_pct"": 0,  ""max_sell_loss_pct"": 25,  ""max_slippage_pct"": 5,  ""min_periods"": 52,  ""mode"": ""sim"",  ""neutral_rate"": 0.25,  ""order_adjust_time"": 30000,  ""oversold_rsi"": 29,  ""oversold_rsi_periods"": 8,  ""period"": ""10m"",  ""profit_stop_enable_pct"": 0,  ""profit_stop_pct"": 1,  ""rsi_periods"": 8,  ""selector"": ""gdax.ETH-USD"",  ""sell_pct"": 98,  ""sell_stop_pct"": 0,  ""start"": 1495929600000,  ""stats"": false,  ""strategy"": ""trend_ema"",  ""trend_ema"": 11,  ""verbose"": false}"
70.575,38.89,1.571,1.8,1705.74693208,11,7,"10m",10,11,27,7,0.25,"{  ""asset_capital"": 0,  ""buy_pct"": 98,  ""buy_stop_pct"": 0,  ""currency_capital"": 1000,  ""days"": 10,  ""markup_pct"": 0,  ""max_sell_loss_pct"": 25,  ""max_slippage_pct"": 5,  ""min_periods"": 52,  ""mode"": ""sim"",  ""neutral_rate"": 0.25,  ""order_adjust_time"": 30000,  ""oversold_rsi"": 27,  ""oversold_rsi_periods"": 7,  ""period"": ""10m"",  ""profit_stop_enable_pct"": 0,  ""profit_stop_pct"": 1,  ""rsi_periods"": 7,  ""selector"": ""gdax.ETH-USD"",  ""sell_pct"": 98,  ""sell_stop_pct"": 0,  ""start"": 1495929600000,  ""stats"": false,  ""strategy"": ""trend_ema"",  ""trend_ema"": 11,  ""verbose"": false}"
69.457,38.89,1.571,1.8,1694.56698024,11,7,"10m",10,11,30,8,0.25,"{  ""asset_capital"": 0,  ""buy_pct"": 98,  ""buy_stop_pct"": 0,  ""currency_capital"": 1000,  ""days"": 10,  ""markup_pct"": 0,  ""max_sell_loss_pct"": 25,  ""max_slippage_pct"": 5,  ""min_periods"": 52,  ""mode"": ""sim"",  ""neutral_rate"": 0.25,  ""order_adjust_time"": 30000,  ""oversold_rsi"": 30,  ""oversold_rsi_periods"": 8,  ""period"": ""10m"",  ""profit_stop_enable_pct"": 0,  ""profit_stop_pct"": 1,  ""rsi_periods"": 8,  ""selector"": ""gdax.ETH-USD"",  ""sell_pct"": 98,  ""sell_stop_pct"": 0,  ""start"": 1495929600000,  ""stats"": false,  ""strategy"": ""trend_ema"",  ""trend_ema"": 11,  ""verbose"": false}"
68.081,40,1.5,1.5,1680.80927738,9,6,"10m",10,11,25,6,0.25,"{  ""asset_capital"": 0,  ""buy_pct"": 98,  ""buy_stop_pct"": 0,  ""currency_capital"": 1000,  ""days"": 10,  ""markup_pct"": 0,  ""max_sell_loss_pct"": 25,  ""max_slippage_pct"": 5,  ""min_periods"": 52,  ""mode"": ""sim"",  ""neutral_rate"": 0.25,  ""order_adjust_time"": 30000,  ""oversold_rsi"": 25,  ""oversold_rsi_periods"": 6,  ""period"": ""10m"",  ""profit_stop_enable_pct"": 0,  ""profit_stop_pct"": 1,  ""rsi_periods"": 6,  ""selector"": ""gdax.ETH-USD"",  ""sell_pct"": 98,  ""sell_stop_pct"": 0,  ""start"": 1495929600000,  ""stats"": false,  ""strategy"": ""trend_ema"",  ""trend_ema"": 11,  ""verbose"": false}"
67.017,42.86,1.333,2.1,1670.17258222,12,9,"10m",10,11,22,7,0.25,"{  ""asset_capital"": 0,  ""buy_pct"": 98,  ""buy_stop_pct"": 0,  ""currency_capital"": 1000,  ""days"": 10,  ""markup_pct"": 0,  ""max_sell_loss_pct"": 25,  ""max_slippage_pct"": 5,  ""min_periods"": 52,  ""mode"": ""sim"",  ""neutral_rate"": 0.25,  ""order_adjust_time"": 30000,  ""oversold_rsi"": 22,  ""oversold_rsi_periods"": 7,  ""period"": ""10m"",  ""profit_stop_enable_pct"": 0,  ""profit_stop_pct"": 1,  ""rsi_periods"": 7,  ""selector"": ""gdax.ETH-USD"",  ""sell_pct"": 98,  ""sell_stop_pct"": 0,  ""start"": 1495929600000,  ""stats"": false,  ""strategy"": ""trend_ema"",  ""trend_ema"": 11,  ""verbose"": false}"
67.017,42.86,1.333,2.1,1670.17258222,12,9,"10m",10,11,24,8,0.25,"{  ""asset_capital"": 0,  ""buy_pct"": 98,  ""buy_stop_pct"": 0,  ""currency_capital"": 1000,  ""days"": 10,  ""markup_pct"": 0,  ""max_sell_loss_pct"": 25,  ""max_slippage_pct"": 5,  ""min_periods"": 52,  ""mode"": ""sim"",  ""neutral_rate"": 0.25,  ""order_adjust_time"": 30000,  ""oversold_rsi"": 24,  ""oversold_rsi_periods"": 8,  ""period"": ""10m"",  ""profit_stop_enable_pct"": 0,  ""profit_stop_pct"": 1,  ""rsi_periods"": 8,  ""selector"": ""gdax.ETH-USD"",  ""sell_pct"": 98,  ""sell_stop_pct"": 0,  ""start"": 1495929600000,  ""stats"": false,  ""strategy"": ""trend_ema"",  ""trend_ema"": 11,  ""verbose"": false}"
66.979,40,1.5,1.5,1669.79277397,9,6,"10m",10,11,28,7,0.25,"{  ""asset_capital"": 0,  ""buy_pct"": 98,  ""buy_stop_pct"": 0,  ""currency_capital"": 1000,  ""days"": 10,  ""markup_pct"": 0,  ""max_sell_loss_pct"": 25,  ""max_slippage_pct"": 5,  ""min_periods"": 52,  ""mode"": ""sim"",  ""neutral_rate"": 0.25,  ""order_adjust_time"": 30000,  ""oversold_rsi"": 28,  ""oversold_rsi_periods"": 7,  ""period"": ""10m"",  ""profit_stop_enable_pct"": 0,  ""profit_stop_pct"": 1,  ""rsi_periods"": 7,  ""selector"": ""gdax.ETH-USD"",  ""sell_pct"": 98,  ""sell_stop_pct"": 0,  ""start"": 1495929600000,  ""stats"": false,  ""strategy"": ""trend_ema"",  ""trend_ema"": 11,  ""verbose"": false}"
66.979,40,1.5,1.5,1669.79277397,9,6,"10m",10,11,29,7,0.25,"{  ""asset_capital"": 0,  ""buy_pct"": 98,  ""buy_stop_pct"": 0,  ""currency_capital"": 1000,  ""days"": 10,  ""markup_pct"": 0,  ""max_sell_loss_pct"": 25,  ""max_slippage_pct"": 5,  ""min_periods"": 52,  ""mode"": ""sim"",  ""neutral_rate"": 0.25,  ""order_adjust_time"": 30000,  ""oversold_rsi"": 29,  ""oversold_rsi_periods"": 7,  ""period"": ""10m"",  ""profit_stop_enable_pct"": 0,  ""profit_stop_pct"": 1,  ""rsi_periods"": 7,  ""selector"": ""gdax.ETH-USD"",  ""sell_pct"": 98,  ""sell_stop_pct"": 0,  ""start"": 1495929600000,  ""stats"": false,  ""strategy"": ""trend_ema"",  ""trend_ema"": 11,  ""verbose"": false}"
66.979,40,1.5,1.5,1669.79277397,9,6,"10m",10,11,26,6,0.25,"{  ""asset_capital"": 0,  ""buy_pct"": 98,  ""buy_stop_pct"": 0,  ""currency_capital"": 1000,  ""days"": 10,  ""markup_pct"": 0,  ""max_sell_loss_pct"": 25,  ""max_slippage_pct"": 5,  ""min_periods"": 52,  ""mode"": ""sim"",  ""neutral_rate"": 0.25,  ""order_adjust_time"": 30000,  ""oversold_rsi"": 26,  ""oversold_rsi_periods"": 6,  ""period"": ""10m"",  ""profit_stop_enable_pct"": 0,  ""profit_stop_pct"": 1,  ""rsi_periods"": 6,  ""selector"": ""gdax.ETH-USD"",  ""sell_pct"": 98,  ""sell_stop_pct"": 0,  ""start"": 1495929600000,  ""stats"": false,  ""strategy"": ""trend_ema"",  ""trend_ema"": 11,  ""verbose"": false}"
64.074,46.15,1.167,1.3,1640.73664917,7,6,"10m",10,11,28,6,0.25,"{  ""asset_capital"": 0,  ""buy_pct"": 98,  ""buy_stop_pct"": 0,  ""currency_capital"": 1000,  ""days"": 10,  ""markup_pct"": 0,  ""max_sell_loss_pct"": 25,  ""max_slippage_pct"": 5,  ""min_periods"": 52,  ""mode"": ""sim"",  ""neutral_rate"": 0.25,  ""order_adjust_time"": 30000,  ""oversold_rsi"": 28,  ""oversold_rsi_periods"": 6,  ""period"": ""10m"",  ""profit_stop_enable_pct"": 0,  ""profit_stop_pct"": 1,  ""rsi_periods"": 6,  ""selector"": ""gdax.ETH-USD"",  ""sell_pct"": 98,  ""sell_stop_pct"": 0,  ""start"": 1495929600000,  ""stats"": false,  ""strategy"": ""trend_ema"",  ""trend_ema"": 11,  ""verbose"": false}"
63.735,50,1,1,1637.34797366,5,5,"10m",10,11,29,6,0.25,"{  ""asset_capital"": 0,  ""buy_pct"": 98,  ""buy_stop_pct"": 0,  ""currency_capital"": 1000,  ""days"": 10,  ""markup_pct"": 0,  ""max_sell_loss_pct"": 25,  ""max_slippage_pct"": 5,  ""min_periods"": 52,  ""mode"": ""sim"",  ""neutral_rate"": 0.25,  ""order_adjust_time"": 30000,  ""oversold_rsi"": 29,  ""oversold_rsi_periods"": 6,  ""period"": ""10m"",  ""profit_stop_enable_pct"": 0,  ""profit_stop_pct"": 1,  ""rsi_periods"": 6,  ""selector"": ""gdax.ETH-USD"",  ""sell_pct"": 98,  ""sell_stop_pct"": 0,  ""start"": 1495929600000,  ""stats"": false,  ""strategy"": ""trend_ema"",  ""trend_ema"": 11,  ""verbose"": false}"
63.432,42.86,1.333,2.1,1634.319696,12,9,"10m",10,11,25,8,0.25,"{  ""asset_capital"": 0,  ""buy_pct"": 98,  ""buy_stop_pct"": 0,  ""currency_capital"": 1000,  ""days"": 10,  ""markup_pct"": 0,  ""max_sell_loss_pct"": 25,  ""max_slippage_pct"": 5,  ""min_periods"": 52,  ""mode"": ""sim"",  ""neutral_rate"": 0.25,  ""order_adjust_time"": 30000,  ""oversold_rsi"": 25,  ""oversold_rsi_periods"": 8,  ""period"": ""10m"",  ""profit_stop_enable_pct"": 0,  ""profit_stop_pct"": 1,  ""rsi_periods"": 8,  ""selector"": ""gdax.ETH-USD"",  ""sell_pct"": 98,  ""sell_stop_pct"": 0,  ""start"": 1495929600000,  ""stats"": false,  ""strategy"": ""trend_ema"",  ""trend_ema"": 11,  ""verbose"": false}"
63.327,44.44,1.25,1.8,1633.27454686,10,8,"10m",10,11,28,8,0.25,"{  ""asset_capital"": 0,  ""buy_pct"": 98,  ""buy_stop_pct"": 0,  ""currency_capital"": 1000,  ""days"": 10,  ""markup_pct"": 0,  ""max_sell_loss_pct"": 25,  ""max_slippage_pct"": 5,  ""min_periods"": 52,  ""mode"": ""sim"",  ""neutral_rate"": 0.25,  ""order_adjust_time"": 30000,  ""oversold_rsi"": 28,  ""oversold_rsi_periods"": 8,  ""period"": ""10m"",  ""profit_stop_enable_pct"": 0,  ""profit_stop_pct"": 1,  ""rsi_periods"": 8,  ""selector"": ""gdax.ETH-USD"",  ""sell_pct"": 98,  ""sell_stop_pct"": 0,  ""start"": 1495929600000,  ""stats"": false,  ""strategy"": ""trend_ema"",  ""trend_ema"": 11,  ""verbose"": false}"
63.327,44.44,1.25,1.8,1633.27454686,10,8,"10m",10,11,25,7,0.25,"{  ""asset_capital"": 0,  ""buy_pct"": 98,  ""buy_stop_pct"": 0,  ""currency_capital"": 1000,  ""days"": 10,  ""markup_pct"": 0,  ""max_sell_loss_pct"": 25,  ""max_slippage_pct"": 5,  ""min_periods"": 52,  ""mode"": ""sim"",  ""neutral_rate"": 0.25,  ""order_adjust_time"": 30000,  ""oversold_rsi"": 25,  ""oversold_rsi_periods"": 7,  ""period"": ""10m"",  ""profit_stop_enable_pct"": 0,  ""profit_stop_pct"": 1,  ""rsi_periods"": 7,  ""selector"": ""gdax.ETH-USD"",  ""sell_pct"": 98,  ""sell_stop_pct"": 0,  ""start"": 1495929600000,  ""stats"": false,  ""strategy"": ""trend_ema"",  ""trend_ema"": 11,  ""verbose"": false}"
63.327,44.44,1.25,1.8,1633.27454686,10,8,"10m",10,11,22,6,0.25,"{  ""asset_capital"": 0,  ""buy_pct"": 98,  ""buy_stop_pct"": 0,  ""currency_capital"": 1000,  ""days"": 10,  ""markup_pct"": 0,  ""max_sell_loss_pct"": 25,  ""max_slippage_pct"": 5,  ""min_periods"": 52,  ""mode"": ""sim"",  ""neutral_rate"": 0.25,  ""order_adjust_time"": 30000,  ""oversold_rsi"": 22,  ""oversold_rsi_periods"": 6,  ""period"": ""10m"",  ""profit_stop_enable_pct"": 0,  ""profit_stop_pct"": 1,  ""rsi_periods"": 6,  ""selector"": ""gdax.ETH-USD"",  ""sell_pct"": 98,  ""sell_stop_pct"": 0,  ""start"": 1495929600000,  ""stats"": false,  ""strategy"": ""trend_ema"",  ""trend_ema"": 11,  ""verbose"": false}"
63.327,44.44,1.25,1.8,1633.27454686,10,8,"10m",10,11,21,6,0.25,"{  ""asset_capital"": 0,  ""buy_pct"": 98,  ""buy_stop_pct"": 0,  ""currency_capital"": 1000,  ""days"": 10,  ""markup_pct"": 0,  ""max_sell_loss_pct"": 25,  ""max_slippage_pct"": 5,  ""min_periods"": 52,  ""mode"": ""sim"",  ""neutral_rate"": 0.25,  ""order_adjust_time"": 30000,  ""oversold_rsi"": 21,  ""oversold_rsi_periods"": 6,  ""period"": ""10m"",  ""profit_stop_enable_pct"": 0,  ""profit_stop_pct"": 1,  ""rsi_periods"": 6,  ""selector"": ""gdax.ETH-USD"",  ""sell_pct"": 98,  ""sell_stop_pct"": 0,  ""start"": 1495929600000,  ""stats"": false,  ""strategy"": ""trend_ema"",  ""trend_ema"": 11,  ""verbose"": false}"
63.327,44.44,1.25,1.8,1633.27454686,10,8,"10m",10,11,23,6,0.25,"{  ""asset_capital"": 0,  ""buy_pct"": 98,  ""buy_stop_pct"": 0,  ""currency_capital"": 1000,  ""days"": 10,  ""markup_pct"": 0,  ""max_sell_loss_pct"": 25,  ""max_slippage_pct"": 5,  ""min_periods"": 52,  ""mode"": ""sim"",  ""neutral_rate"": 0.25,  ""order_adjust_time"": 30000,  ""oversold_rsi"": 23,  ""oversold_rsi_periods"": 6,  ""period"": ""10m"",  ""profit_stop_enable_pct"": 0,  ""profit_stop_pct"": 1,  ""rsi_periods"": 6,  ""selector"": ""gdax.ETH-USD"",  ""sell_pct"": 98,  ""sell_stop_pct"": 0,  ""start"": 1495929600000,  ""stats"": false,  ""strategy"": ""trend_ema"",  ""trend_ema"": 11,  ""verbose"": false}"
61.923,47.62,1.1,2.1,1619.23474146,11,10,"10m",10,11,24,7,0.25,"{  ""asset_capital"": 0,  ""buy_pct"": 98,  ""buy_stop_pct"": 0,  ""currency_capital"": 1000,  ""days"": 10,  ""markup_pct"": 0,  ""max_sell_loss_pct"": 25,  ""max_slippage_pct"": 5,  ""min_periods"": 52,  ""mode"": ""sim"",  ""neutral_rate"": 0.25,  ""order_adjust_time"": 30000,  ""oversold_rsi"": 24,  ""oversold_rsi_periods"": 7,  ""period"": ""10m"",  ""profit_stop_enable_pct"": 0,  ""profit_stop_pct"": 1,  ""rsi_periods"": 7,  ""selector"": ""gdax.ETH-USD"",  ""sell_pct"": 98,  ""sell_stop_pct"": 0,  ""start"": 1495929600000,  ""stats"": false,  ""strategy"": ""trend_ema"",  ""trend_ema"": 11,  ""verbose"": false}"
61.923,47.62,1.1,2.1,1619.23474146,11,10,"10m",10,11,27,8,0.25,"{  ""asset_capital"": 0,  ""buy_pct"": 98,  ""buy_stop_pct"": 0,  ""currency_capital"": 1000,  ""days"": 10,  ""markup_pct"": 0,  ""max_sell_loss_pct"": 25,  ""max_slippage_pct"": 5,  ""min_periods"": 52,  ""mode"": ""sim"",  ""neutral_rate"": 0.25,  ""order_adjust_time"": 30000,  ""oversold_rsi"": 27,  ""oversold_rsi_periods"": 8,  ""period"": ""10m"",  ""profit_stop_enable_pct"": 0,  ""profit_stop_pct"": 1,  ""rsi_periods"": 8,  ""selector"": ""gdax.ETH-USD"",  ""sell_pct"": 98,  ""sell_stop_pct"": 0,  ""start"": 1495929600000,  ""stats"": false,  ""strategy"": ""trend_ema"",  ""trend_ema"": 11,  ""verbose"": false}"
61.923,47.62,1.1,2.1,1619.23474146,11,10,"10m",10,11,26,8,0.25,"{  ""asset_capital"": 0,  ""buy_pct"": 98,  ""buy_stop_pct"": 0,  ""currency_capital"": 1000,  ""days"": 10,  ""markup_pct"": 0,  ""max_sell_loss_pct"": 25,  ""max_slippage_pct"": 5,  ""min_periods"": 52,  ""mode"": ""sim"",  ""neutral_rate"": 0.25,  ""order_adjust_time"": 30000,  ""oversold_rsi"": 26,  ""oversold_rsi_periods"": 8,  ""period"": ""10m"",  ""profit_stop_enable_pct"": 0,  ""profit_stop_pct"": 1,  ""rsi_periods"": 8,  ""selector"": ""gdax.ETH-USD"",  ""sell_pct"": 98,  ""sell_stop_pct"": 0,  ""start"": 1495929600000,  ""stats"": false,  ""strategy"": ""trend_ema"",  ""trend_ema"": 11,  ""verbose"": false}"
61.923,47.62,1.1,2.1,1619.23474146,11,10,"10m",10,11,23,7,0.25,"{  ""asset_capital"": 0,  ""buy_pct"": 98,  ""buy_stop_pct"": 0,  ""currency_capital"": 1000,  ""days"": 10,  ""markup_pct"": 0,  ""max_sell_loss_pct"": 25,  ""max_slippage_pct"": 5,  ""min_periods"": 52,  ""mode"": ""sim"",  ""neutral_rate"": 0.25,  ""order_adjust_time"": 30000,  ""oversold_rsi"": 23,  ""oversold_rsi_periods"": 7,  ""period"": ""10m"",  ""profit_stop_enable_pct"": 0,  ""profit_stop_pct"": 1,  ""rsi_periods"": 7,  ""selector"": ""gdax.ETH-USD"",  ""sell_pct"": 98,  ""sell_stop_pct"": 0,  ""start"": 1495929600000,  ""stats"": false,  ""strategy"": ""trend_ema"",  ""trend_ema"": 11,  ""verbose"": false}"
61.495,50,1,1,1614.94754928,5,5,"10m",10,11,30,6,0.25,"{  ""asset_capital"": 0,  ""buy_pct"": 98,  ""buy_stop_pct"": 0,  ""currency_capital"": 1000,  ""days"": 10,  ""markup_pct"": 0,  ""max_sell_loss_pct"": 25,  ""max_slippage_pct"": 5,  ""min_periods"": 52,  ""mode"": ""sim"",  ""neutral_rate"": 0.25,  ""order_adjust_time"": 30000,  ""oversold_rsi"": 30,  ""oversold_rsi_periods"": 6,  ""period"": ""10m"",  ""profit_stop_enable_pct"": 0,  ""profit_stop_pct"": 1,  ""rsi_periods"": 6,  ""selector"": ""gdax.ETH-USD"",  ""sell_pct"": 98,  ""sell_stop_pct"": 0,  ""start"": 1495929600000,  ""stats"": false,  ""strategy"": ""trend_ema"",  ""trend_ema"": 11,  ""verbose"": false}"
61.052,47.62,1.1,2.1,1610.51960989,11,10,"10m",10,11,20,6,0.25,"{  ""asset_capital"": 0,  ""buy_pct"": 98,  ""buy_stop_pct"": 0,  ""currency_capital"": 1000,  ""days"": 10,  ""markup_pct"": 0,  ""max_sell_loss_pct"": 25,  ""max_slippage_pct"": 5,  ""min_periods"": 52,  ""mode"": ""sim"",  ""neutral_rate"": 0.25,  ""order_adjust_time"": 30000,  ""oversold_rsi"": 20,  ""oversold_rsi_periods"": 6,  ""period"": ""10m"",  ""profit_stop_enable_pct"": 0,  ""profit_stop_pct"": 1,  ""rsi_periods"": 6,  ""selector"": ""gdax.ETH-USD"",  ""sell_pct"": 98,  ""sell_stop_pct"": 0,  ""start"": 1495929600000,  ""stats"": false,  ""strategy"": ""trend_ema"",  ""trend_ema"": 11,  ""verbose"": false}"
60.524,55.56,0.8,14.4,1605.2415965,64,80,"10m",10,11,24,7,"auto","{  ""asset_capital"": 0,  ""buy_pct"": 98,  ""buy_stop_pct"": 0,  ""currency_capital"": 1000,  ""days"": 10,  ""markup_pct"": 0,  ""max_sell_loss_pct"": 25,  ""max_slippage_pct"": 5,  ""min_periods"": 52,  ""mode"": ""sim"",  ""neutral_rate"": ""auto"",  ""order_adjust_time"": 30000,  ""oversold_rsi"": 24,  ""oversold_rsi_periods"": 7,  ""period"": ""10m"",  ""profit_stop_enable_pct"": 0,  ""profit_stop_pct"": 1,  ""rsi_periods"": 7,  ""selector"": ""gdax.ETH-USD"",  ""sell_pct"": 98,  ""sell_stop_pct"": 0,  ""start"": 1495929600000,  ""stats"": false,  ""strategy"": ""trend_ema"",  ""trend_ema"": 11,  ""verbose"": false}"
60.524,55.56,0.8,14.4,1605.2415965,64,80,"10m",10,11,27,8,"auto","{  ""asset_capital"": 0,  ""buy_pct"": 98,  ""buy_stop_pct"": 0,  ""currency_capital"": 1000,  ""days"": 10,  ""markup_pct"": 0,  ""max_sell_loss_pct"": 25,  ""max_slippage_pct"": 5,  ""min_periods"": 52,  ""mode"": ""sim"",  ""neutral_rate"": ""auto"",  ""order_adjust_time"": 30000,  ""oversold_rsi"": 27,  ""oversold_rsi_periods"": 8,  ""period"": ""10m"",  ""profit_stop_enable_pct"": 0,  ""profit_stop_pct"": 1,  ""rsi_periods"": 8,  ""selector"": ""gdax.ETH-USD"",  ""sell_pct"": 98,  ""sell_stop_pct"": 0,  ""start"": 1495929600000,  ""stats"": false,  ""strategy"": ""trend_ema"",  ""trend_ema"": 11,  ""verbose"": false}"
59.81,55,0.818,14,1598.10388812,63,77,"10m",10,11,22,7,"auto","{  ""asset_capital"": 0,  ""buy_pct"": 98,  ""buy_stop_pct"": 0,  ""currency_capital"": 1000,  ""days"": 10,  ""markup_pct"": 0,  ""max_sell_loss_pct"": 25,  ""max_slippage_pct"": 5,  ""min_periods"": 52,  ""mode"": ""sim"",  ""neutral_rate"": ""auto"",  ""order_adjust_time"": 30000,  ""oversold_rsi"": 22,  ""oversold_rsi_periods"": 7,  ""period"": ""10m"",  ""profit_stop_enable_pct"": 0,  ""profit_stop_pct"": 1,  ""rsi_periods"": 7,  ""selector"": ""gdax.ETH-USD"",  ""sell_pct"": 98,  ""sell_stop_pct"": 0,  ""start"": 1495929600000,  ""stats"": false,  ""strategy"": ""trend_ema"",  ""trend_ema"": 11,  ""verbose"": false}"
59.334,54.93,0.821,14.2,1593.33858752,64,78,"10m",10,11,23,7,"auto","{  ""asset_capital"": 0,  ""buy_pct"": 98,  ""buy_stop_pct"": 0,  ""currency_capital"": 1000,  ""days"": 10,  ""markup_pct"": 0,  ""max_sell_loss_pct"": 25,  ""max_slippage_pct"": 5,  ""min_periods"": 52,  ""mode"": ""sim"",  ""neutral_rate"": ""auto"",  ""order_adjust_time"": 30000,  ""oversold_rsi"": 23,  ""oversold_rsi_periods"": 7,  ""period"": ""10m"",  ""profit_stop_enable_pct"": 0,  ""profit_stop_pct"": 1,  ""rsi_periods"": 7,  ""selector"": ""gdax.ETH-USD"",  ""sell_pct"": 98,  ""sell_stop_pct"": 0,  ""start"": 1495929600000,  ""stats"": false,  ""strategy"": ""trend_ema"",  ""trend_ema"": 11,  ""verbose"": false}"
59.284,54.61,0.831,14.1,1592.83920785,64,77,"10m",10,11,26,8,"auto","{  ""asset_capital"": 0,  ""buy_pct"": 98,  ""buy_stop_pct"": 0,  ""currency_capital"": 1000,  ""days"": 10,  ""markup_pct"": 0,  ""max_sell_loss_pct"": 25,  ""max_slippage_pct"": 5,  ""min_periods"": 52,  ""mode"": ""sim"",  ""neutral_rate"": ""auto"",  ""order_adjust_time"": 30000,  ""oversold_rsi"": 26,  ""oversold_rsi_periods"": 8,  ""period"": ""10m"",  ""profit_stop_enable_pct"": 0,  ""profit_stop_pct"": 1,  ""rsi_periods"": 8,  ""selector"": ""gdax.ETH-USD"",  ""sell_pct"": 98,  ""sell_stop_pct"": 0,  ""start"": 1495929600000,  ""stats"": false,  ""strategy"": ""trend_ema"",  ""trend_ema"": 11,  ""verbose"": false}"
59.134,54.61,0.831,14.1,1591.33659364,64,77,"10m",10,11,24,8,"auto","{  ""asset_capital"": 0,  ""buy_pct"": 98,  ""buy_stop_pct"": 0,  ""currency_capital"": 1000,  ""days"": 10,  ""markup_pct"": 0,  ""max_sell_loss_pct"": 25,  ""max_slippage_pct"": 5,  ""min_periods"": 52,  ""mode"": ""sim"",  ""neutral_rate"": ""auto"",  ""order_adjust_time"": 30000,  ""oversold_rsi"": 24,  ""oversold_rsi_periods"": 8,  ""period"": ""10m"",  ""profit_stop_enable_pct"": 0,  ""profit_stop_pct"": 1,  ""rsi_periods"": 8,  ""selector"": ""gdax.ETH-USD"",  ""sell_pct"": 98,  ""sell_stop_pct"": 0,  ""start"": 1495929600000,  ""stats"": false,  ""strategy"": ""trend_ema"",  ""trend_ema"": 11,  ""verbose"": false}"
58.592,56.43,0.772,14,1585.91915139,61,79,"10m",10,11,30,8,"auto","{  ""asset_capital"": 0,  ""buy_pct"": 98,  ""buy_stop_pct"": 0,  ""currency_capital"": 1000,  ""days"": 10,  ""markup_pct"": 0,  ""max_sell_loss_pct"": 25,  ""max_slippage_pct"": 5,  ""min_periods"": 52,  ""mode"": ""sim"",  ""neutral_rate"": ""auto"",  ""order_adjust_time"": 30000,  ""oversold_rsi"": 30,  ""oversold_rsi_periods"": 8,  ""period"": ""10m"",  ""profit_stop_enable_pct"": 0,  ""profit_stop_pct"": 1,  ""rsi_periods"": 8,  ""selector"": ""gdax.ETH-USD"",  ""sell_pct"": 98,  ""sell_stop_pct"": 0,  ""start"": 1495929600000,  ""stats"": false,  ""strategy"": ""trend_ema"",  ""trend_ema"": 11,  ""verbose"": false}"
58.466,55.24,0.81,14.3,1584.66048935,64,79,"10m",10,11,20,6,"auto","{  ""asset_capital"": 0,  ""buy_pct"": 98,  ""buy_stop_pct"": 0,  ""currency_capital"": 1000,  ""days"": 10,  ""markup_pct"": 0,  ""max_sell_loss_pct"": 25,  ""max_slippage_pct"": 5,  ""min_periods"": 52,  ""mode"": ""sim"",  ""neutral_rate"": ""auto"",  ""order_adjust_time"": 30000,  ""oversold_rsi"": 20,  ""oversold_rsi_periods"": 6,  ""period"": ""10m"",  ""profit_stop_enable_pct"": 0,  ""profit_stop_pct"": 1,  ""rsi_periods"": 6,  ""selector"": ""gdax.ETH-USD"",  ""sell_pct"": 98,  ""sell_stop_pct"": 0,  ""start"": 1495929600000,  ""stats"": false,  ""strategy"": ""trend_ema"",  ""trend_ema"": 11,  ""verbose"": false}"
58.299,40,1.5,1.5,1582.99449989,9,6,"10m",10,11,30,7,0.25,"{  ""asset_capital"": 0,  ""buy_pct"": 98,  ""buy_stop_pct"": 0,  ""currency_capital"": 1000,  ""days"": 10,  ""markup_pct"": 0,  ""max_sell_loss_pct"": 25,  ""max_slippage_pct"": 5,  ""min_periods"": 52,  ""mode"": ""sim"",  ""neutral_rate"": 0.25,  ""order_adjust_time"": 30000,  ""oversold_rsi"": 30,  ""oversold_rsi_periods"": 7,  ""period"": ""10m"",  ""profit_stop_enable_pct"": 0,  ""profit_stop_pct"": 1,  ""rsi_periods"": 7,  ""selector"": ""gdax.ETH-USD"",  ""sell_pct"": 98,  ""sell_stop_pct"": 0,  ""start"": 1495929600000,  ""stats"": false,  ""strategy"": ""trend_ema"",  ""trend_ema"": 11,  ""verbose"": false}"
57.854,55.56,0.8,14.4,1578.54444864,64,80,"10m",10,11,25,7,"auto","{  ""asset_capital"": 0,  ""buy_pct"": 98,  ""buy_stop_pct"": 0,  ""currency_capital"": 1000,  ""days"": 10,  ""markup_pct"": 0,  ""max_sell_loss_pct"": 25,  ""max_slippage_pct"": 5,  ""min_periods"": 52,  ""mode"": ""sim"",  ""neutral_rate"": ""auto"",  ""order_adjust_time"": 30000,  ""oversold_rsi"": 25,  ""oversold_rsi_periods"": 7,  ""period"": ""10m"",  ""profit_stop_enable_pct"": 0,  ""profit_stop_pct"": 1,  ""rsi_periods"": 7,  ""selector"": ""gdax.ETH-USD"",  ""sell_pct"": 98,  ""sell_stop_pct"": 0,  ""start"": 1495929600000,  ""stats"": false,  ""strategy"": ""trend_ema"",  ""trend_ema"": 11,  ""verbose"": false}"
57.854,55.56,0.8,14.4,1578.54444864,64,80,"10m",10,11,21,6,"auto","{  ""asset_capital"": 0,  ""buy_pct"": 98,  ""buy_stop_pct"": 0,  ""currency_capital"": 1000,  ""days"": 10,  ""markup_pct"": 0,  ""max_sell_loss_pct"": 25,  ""max_slippage_pct"": 5,  ""min_periods"": 52,  ""mode"": ""sim"",  ""neutral_rate"": ""auto"",  ""order_adjust_time"": 30000,  ""oversold_rsi"": 21,  ""oversold_rsi_periods"": 6,  ""period"": ""10m"",  ""profit_stop_enable_pct"": 0,  ""profit_stop_pct"": 1,  ""rsi_periods"": 6,  ""selector"": ""gdax.ETH-USD"",  ""sell_pct"": 98,  ""sell_stop_pct"": 0,  ""start"": 1495929600000,  ""stats"": false,  ""strategy"": ""trend_ema"",  ""trend_ema"": 11,  ""verbose"": false}"
57.687,54.2,0.845,13.1,1576.87029482,60,71,"10m",10,11,27,6,"auto","{  ""asset_capital"": 0,  ""buy_pct"": 98,  ""buy_stop_pct"": 0,  ""currency_capital"": 1000,  ""days"": 10,  ""markup_pct"": 0,  ""max_sell_loss_pct"": 25,  ""max_slippage_pct"": 5,  ""min_periods"": 52,  ""mode"": ""sim"",  ""neutral_rate"": ""auto"",  ""order_adjust_time"": 30000,  ""oversold_rsi"": 27,  ""oversold_rsi_periods"": 6,  ""period"": ""10m"",  ""profit_stop_enable_pct"": 0,  ""profit_stop_pct"": 1,  ""rsi_periods"": 6,  ""selector"": ""gdax.ETH-USD"",  ""sell_pct"": 98,  ""sell_stop_pct"": 0,  ""start"": 1495929600000,  ""stats"": false,  ""strategy"": ""trend_ema"",  ""trend_ema"": 11,  ""verbose"": false}"
56.996,54.55,0.833,2.2,1569.95588157,10,12,"10m",10,11,23,8,0.25,"{  ""asset_capital"": 0,  ""buy_pct"": 98,  ""buy_stop_pct"": 0,  ""currency_capital"": 1000,  ""days"": 10,  ""markup_pct"": 0,  ""max_sell_loss_pct"": 25,  ""max_slippage_pct"": 5,  ""min_periods"": 52,  ""mode"": ""sim"",  ""neutral_rate"": 0.25,  ""order_adjust_time"": 30000,  ""oversold_rsi"": 23,  ""oversold_rsi_periods"": 8,  ""period"": ""10m"",  ""profit_stop_enable_pct"": 0,  ""profit_stop_pct"": 1,  ""rsi_periods"": 8,  ""selector"": ""gdax.ETH-USD"",  ""sell_pct"": 98,  ""sell_stop_pct"": 0,  ""start"": 1495929600000,  ""stats"": false,  ""strategy"": ""trend_ema"",  ""trend_ema"": 11,  ""verbose"": false}"
56.996,54.55,0.833,2.2,1569.95588157,10,12,"10m",10,11,21,7,0.25,"{  ""asset_capital"": 0,  ""buy_pct"": 98,  ""buy_stop_pct"": 0,  ""currency_capital"": 1000,  ""days"": 10,  ""markup_pct"": 0,  ""max_sell_loss_pct"": 25,  ""max_slippage_pct"": 5,  ""min_periods"": 52,  ""mode"": ""sim"",  ""neutral_rate"": 0.25,  ""order_adjust_time"": 30000,  ""oversold_rsi"": 21,  ""oversold_rsi_periods"": 7,  ""period"": ""10m"",  ""profit_stop_enable_pct"": 0,  ""profit_stop_pct"": 1,  ""rsi_periods"": 7,  ""selector"": ""gdax.ETH-USD"",  ""sell_pct"": 98,  ""sell_stop_pct"": 0,  ""start"": 1495929600000,  ""stats"": false,  ""strategy"": ""trend_ema"",  ""trend_ema"": 11,  ""verbose"": false}"
56.96,56.74,0.762,14.1,1569.59736789,61,80,"10m",10,11,28,8,"auto","{  ""asset_capital"": 0,  ""buy_pct"": 98,  ""buy_stop_pct"": 0,  ""currency_capital"": 1000,  ""days"": 10,  ""markup_pct"": 0,  ""max_sell_loss_pct"": 25,  ""max_slippage_pct"": 5,  ""min_periods"": 52,  ""mode"": ""sim"",  ""neutral_rate"": ""auto"",  ""order_adjust_time"": 30000,  ""oversold_rsi"": 28,  ""oversold_rsi_periods"": 8,  ""period"": ""10m"",  ""profit_stop_enable_pct"": 0,  ""profit_stop_pct"": 1,  ""rsi_periods"": 8,  ""selector"": ""gdax.ETH-USD"",  ""sell_pct"": 98,  ""sell_stop_pct"": 0,  ""start"": 1495929600000,  ""stats"": false,  ""strategy"": ""trend_ema"",  ""trend_ema"": 11,  ""verbose"": false}"
56.755,55.63,0.797,14.2,1567.55050214,63,79,"10m",10,11,22,6,"auto","{  ""asset_capital"": 0,  ""buy_pct"": 98,  ""buy_stop_pct"": 0,  ""currency_capital"": 1000,  ""days"": 10,  ""markup_pct"": 0,  ""max_sell_loss_pct"": 25,  ""max_slippage_pct"": 5,  ""min_periods"": 52,  ""mode"": ""sim"",  ""neutral_rate"": ""auto"",  ""order_adjust_time"": 30000,  ""oversold_rsi"": 22,  ""oversold_rsi_periods"": 6,  ""period"": ""10m"",  ""profit_stop_enable_pct"": 0,  ""profit_stop_pct"": 1,  ""rsi_periods"": 6,  ""selector"": ""gdax.ETH-USD"",  ""sell_pct"": 98,  ""sell_stop_pct"": 0,  ""start"": 1495929600000,  ""stats"": false,  ""strategy"": ""trend_ema"",  ""trend_ema"": 11,  ""verbose"": false}"
56.465,56.74,0.762,14.1,1564.64543291,61,80,"10m",10,11,23,6,"auto","{  ""asset_capital"": 0,  ""buy_pct"": 98,  ""buy_stop_pct"": 0,  ""currency_capital"": 1000,  ""days"": 10,  ""markup_pct"": 0,  ""max_sell_loss_pct"": 25,  ""max_slippage_pct"": 5,  ""min_periods"": 52,  ""mode"": ""sim"",  ""neutral_rate"": ""auto"",  ""order_adjust_time"": 30000,  ""oversold_rsi"": 23,  ""oversold_rsi_periods"": 6,  ""period"": ""10m"",  ""profit_stop_enable_pct"": 0,  ""profit_stop_pct"": 1,  ""rsi_periods"": 6,  ""selector"": ""gdax.ETH-USD"",  ""sell_pct"": 98,  ""sell_stop_pct"": 0,  ""start"": 1495929600000,  ""stats"": false,  ""strategy"": ""trend_ema"",  ""trend_ema"": 11,  ""verbose"": false}"
56.28,57.04,0.753,14.2,1562.80151824,61,81,"10m",10,11,24,6,"auto","{  ""asset_capital"": 0,  ""buy_pct"": 98,  ""buy_stop_pct"": 0,  ""currency_capital"": 1000,  ""days"": 10,  ""markup_pct"": 0,  ""max_sell_loss_pct"": 25,  ""max_slippage_pct"": 5,  ""min_periods"": 52,  ""mode"": ""sim"",  ""neutral_rate"": ""auto"",  ""order_adjust_time"": 30000,  ""oversold_rsi"": 24,  ""oversold_rsi_periods"": 6,  ""period"": ""10m"",  ""profit_stop_enable_pct"": 0,  ""profit_stop_pct"": 1,  ""rsi_periods"": 6,  ""selector"": ""gdax.ETH-USD"",  ""sell_pct"": 98,  ""sell_stop_pct"": 0,  ""start"": 1495929600000,  ""stats"": false,  ""strategy"": ""trend_ema"",  ""trend_ema"": 11,  ""verbose"": false}"
56.158,57.14,0.75,14,1561.58065544,60,80,"10m",10,11,26,7,"auto","{  ""asset_capital"": 0,  ""buy_pct"": 98,  ""buy_stop_pct"": 0,  ""currency_capital"": 1000,  ""days"": 10,  ""markup_pct"": 0,  ""max_sell_loss_pct"": 25,  ""max_slippage_pct"": 5,  ""min_periods"": 52,  ""mode"": ""sim"",  ""neutral_rate"": ""auto"",  ""order_adjust_time"": 30000,  ""oversold_rsi"": 26,  ""oversold_rsi_periods"": 7,  ""period"": ""10m"",  ""profit_stop_enable_pct"": 0,  ""profit_stop_pct"": 1,  ""rsi_periods"": 7,  ""selector"": ""gdax.ETH-USD"",  ""sell_pct"": 98,  ""sell_stop_pct"": 0,  ""start"": 1495929600000,  ""stats"": false,  ""strategy"": ""trend_ema"",  ""trend_ema"": 11,  ""verbose"": false}"
56.135,57.45,0.741,14.1,1561.34525592,60,81,"10m",10,11,27,7,"auto","{  ""asset_capital"": 0,  ""buy_pct"": 98,  ""buy_stop_pct"": 0,  ""currency_capital"": 1000,  ""days"": 10,  ""markup_pct"": 0,  ""max_sell_loss_pct"": 25,  ""max_slippage_pct"": 5,  ""min_periods"": 52,  ""mode"": ""sim"",  ""neutral_rate"": ""auto"",  ""order_adjust_time"": 30000,  ""oversold_rsi"": 27,  ""oversold_rsi_periods"": 7,  ""period"": ""10m"",  ""profit_stop_enable_pct"": 0,  ""profit_stop_pct"": 1,  ""rsi_periods"": 7,  ""selector"": ""gdax.ETH-USD"",  ""sell_pct"": 98,  ""sell_stop_pct"": 0,  ""start"": 1495929600000,  ""stats"": false,  ""strategy"": ""trend_ema"",  ""trend_ema"": 11,  ""verbose"": false}"
55.431,54.61,0.831,14.1,1554.30951116,64,77,"10m",10,11,25,8,"auto","{  ""asset_capital"": 0,  ""buy_pct"": 98,  ""buy_stop_pct"": 0,  ""currency_capital"": 1000,  ""days"": 10,  ""markup_pct"": 0,  ""max_sell_loss_pct"": 25,  ""max_slippage_pct"": 5,  ""min_periods"": 52,  ""mode"": ""sim"",  ""neutral_rate"": ""auto"",  ""order_adjust_time"": 30000,  ""oversold_rsi"": 25,  ""oversold_rsi_periods"": 8,  ""period"": ""10m"",  ""profit_stop_enable_pct"": 0,  ""profit_stop_pct"": 1,  ""rsi_periods"": 8,  ""selector"": ""gdax.ETH-USD"",  ""sell_pct"": 98,  ""sell_stop_pct"": 0,  ""start"": 1495929600000,  ""stats"": false,  ""strategy"": ""trend_ema"",  ""trend_ema"": 11,  ""verbose"": false}"
54.779,56.34,0.775,14.2,1547.79433817,62,80,"10m",10,11,21,7,"auto","{  ""asset_capital"": 0,  ""buy_pct"": 98,  ""buy_stop_pct"": 0,  ""currency_capital"": 1000,  ""days"": 10,  ""markup_pct"": 0,  ""max_sell_loss_pct"": 25,  ""max_slippage_pct"": 5,  ""min_periods"": 52,  ""mode"": ""sim"",  ""neutral_rate"": ""auto"",  ""order_adjust_time"": 30000,  ""oversold_rsi"": 21,  ""oversold_rsi_periods"": 7,  ""period"": ""10m"",  ""profit_stop_enable_pct"": 0,  ""profit_stop_pct"": 1,  ""rsi_periods"": 7,  ""selector"": ""gdax.ETH-USD"",  ""sell_pct"": 98,  ""sell_stop_pct"": 0,  ""start"": 1495929600000,  ""stats"": false,  ""strategy"": ""trend_ema"",  ""trend_ema"": 11,  ""verbose"": false}"
54.661,57.14,0.75,14,1546.61311256,60,80,"10m",10,11,29,8,"auto","{  ""asset_capital"": 0,  ""buy_pct"": 98,  ""buy_stop_pct"": 0,  ""currency_capital"": 1000,  ""days"": 10,  ""markup_pct"": 0,  ""max_sell_loss_pct"": 25,  ""max_slippage_pct"": 5,  ""min_periods"": 52,  ""mode"": ""sim"",  ""neutral_rate"": ""auto"",  ""order_adjust_time"": 30000,  ""oversold_rsi"": 29,  ""oversold_rsi_periods"": 8,  ""period"": ""10m"",  ""profit_stop_enable_pct"": 0,  ""profit_stop_pct"": 1,  ""rsi_periods"": 8,  ""selector"": ""gdax.ETH-USD"",  ""sell_pct"": 98,  ""sell_stop_pct"": 0,  ""start"": 1495929600000,  ""stats"": false,  ""strategy"": ""trend_ema"",  ""trend_ema"": 11,  ""verbose"": false}"
54.309,56.74,0.762,14.1,1543.08878821,61,80,"10m",10,11,23,8,"auto","{  ""asset_capital"": 0,  ""buy_pct"": 98,  ""buy_stop_pct"": 0,  ""currency_capital"": 1000,  ""days"": 10,  ""markup_pct"": 0,  ""max_sell_loss_pct"": 25,  ""max_slippage_pct"": 5,  ""min_periods"": 52,  ""mode"": ""sim"",  ""neutral_rate"": ""auto"",  ""order_adjust_time"": 30000,  ""oversold_rsi"": 23,  ""oversold_rsi_periods"": 8,  ""period"": ""10m"",  ""profit_stop_enable_pct"": 0,  ""profit_stop_pct"": 1,  ""rsi_periods"": 8,  ""selector"": ""gdax.ETH-USD"",  ""sell_pct"": 98,  ""sell_stop_pct"": 0,  ""start"": 1495929600000,  ""stats"": false,  ""strategy"": ""trend_ema"",  ""trend_ema"": 11,  ""verbose"": false}"
53.786,54.69,0.829,12.8,1537.85737777,58,70,"10m",10,11,29,6,"auto","{  ""asset_capital"": 0,  ""buy_pct"": 98,  ""buy_stop_pct"": 0,  ""currency_capital"": 1000,  ""days"": 10,  ""markup_pct"": 0,  ""max_sell_loss_pct"": 25,  ""max_slippage_pct"": 5,  ""min_periods"": 52,  ""mode"": ""sim"",  ""neutral_rate"": ""auto"",  ""order_adjust_time"": 30000,  ""oversold_rsi"": 29,  ""oversold_rsi_periods"": 6,  ""period"": ""10m"",  ""profit_stop_enable_pct"": 0,  ""profit_stop_pct"": 1,  ""rsi_periods"": 6,  ""selector"": ""gdax.ETH-USD"",  ""sell_pct"": 98,  ""sell_stop_pct"": 0,  ""start"": 1495929600000,  ""stats"": false,  ""strategy"": ""trend_ema"",  ""trend_ema"": 11,  ""verbose"": false}"
53.501,54.62,0.831,13,1535.00548805,59,71,"10m",10,11,28,6,"auto","{  ""asset_capital"": 0,  ""buy_pct"": 98,  ""buy_stop_pct"": 0,  ""currency_capital"": 1000,  ""days"": 10,  ""markup_pct"": 0,  ""max_sell_loss_pct"": 25,  ""max_slippage_pct"": 5,  ""min_periods"": 52,  ""mode"": ""sim"",  ""neutral_rate"": ""auto"",  ""order_adjust_time"": 30000,  ""oversold_rsi"": 28,  ""oversold_rsi_periods"": 6,  ""period"": ""10m"",  ""profit_stop_enable_pct"": 0,  ""profit_stop_pct"": 1,  ""rsi_periods"": 6,  ""selector"": ""gdax.ETH-USD"",  ""sell_pct"": 98,  ""sell_stop_pct"": 0,  ""start"": 1495929600000,  ""stats"": false,  ""strategy"": ""trend_ema"",  ""trend_ema"": 11,  ""verbose"": false}"
52.668,55.3,0.808,13.2,1526.67818966,59,73,"10m",10,11,26,6,"auto","{  ""asset_capital"": 0,  ""buy_pct"": 98,  ""buy_stop_pct"": 0,  ""currency_capital"": 1000,  ""days"": 10,  ""markup_pct"": 0,  ""max_sell_loss_pct"": 25,  ""max_slippage_pct"": 5,  ""min_periods"": 52,  ""mode"": ""sim"",  ""neutral_rate"": ""auto"",  ""order_adjust_time"": 30000,  ""oversold_rsi"": 26,  ""oversold_rsi_periods"": 6,  ""period"": ""10m"",  ""profit_stop_enable_pct"": 0,  ""profit_stop_pct"": 1,  ""rsi_periods"": 6,  ""selector"": ""gdax.ETH-USD"",  ""sell_pct"": 98,  ""sell_stop_pct"": 0,  ""start"": 1495929600000,  ""stats"": false,  ""strategy"": ""trend_ema"",  ""trend_ema"": 11,  ""verbose"": false}"
52.105,54.7,0.828,11.7,1521.04622822,53,64,"10m",10,11,30,6,"auto","{  ""asset_capital"": 0,  ""buy_pct"": 98,  ""buy_stop_pct"": 0,  ""currency_capital"": 1000,  ""days"": 10,  ""markup_pct"": 0,  ""max_sell_loss_pct"": 25,  ""max_slippage_pct"": 5,  ""min_periods"": 52,  ""mode"": ""sim"",  ""neutral_rate"": ""auto"",  ""order_adjust_time"": 30000,  ""oversold_rsi"": 30,  ""oversold_rsi_periods"": 6,  ""period"": ""10m"",  ""profit_stop_enable_pct"": 0,  ""profit_stop_pct"": 1,  ""rsi_periods"": 6,  ""selector"": ""gdax.ETH-USD"",  ""sell_pct"": 98,  ""sell_stop_pct"": 0,  ""start"": 1495929600000,  ""stats"": false,  ""strategy"": ""trend_ema"",  ""trend_ema"": 11,  ""verbose"": false}"
51.373,55.88,0.789,13.6,1513.73292807,60,76,"10m",10,11,29,7,"auto","{  ""asset_capital"": 0,  ""buy_pct"": 98,  ""buy_stop_pct"": 0,  ""currency_capital"": 1000,  ""days"": 10,  ""markup_pct"": 0,  ""max_sell_loss_pct"": 25,  ""max_slippage_pct"": 5,  ""min_periods"": 52,  ""mode"": ""sim"",  ""neutral_rate"": ""auto"",  ""order_adjust_time"": 30000,  ""oversold_rsi"": 29,  ""oversold_rsi_periods"": 7,  ""period"": ""10m"",  ""profit_stop_enable_pct"": 0,  ""profit_stop_pct"": 1,  ""rsi_periods"": 7,  ""selector"": ""gdax.ETH-USD"",  ""sell_pct"": 98,  ""sell_stop_pct"": 0,  ""start"": 1495929600000,  ""stats"": false,  ""strategy"": ""trend_ema"",  ""trend_ema"": 11,  ""verbose"": false}"
51.323,57.66,0.734,13.7,1513.23147314,58,79,"10m",10,11,20,8,"auto","{  ""asset_capital"": 0,  ""buy_pct"": 98,  ""buy_stop_pct"": 0,  ""currency_capital"": 1000,  ""days"": 10,  ""markup_pct"": 0,  ""max_sell_loss_pct"": 25,  ""max_slippage_pct"": 5,  ""min_periods"": 52,  ""mode"": ""sim"",  ""neutral_rate"": ""auto"",  ""order_adjust_time"": 30000,  ""oversold_rsi"": 20,  ""oversold_rsi_periods"": 8,  ""period"": ""10m"",  ""profit_stop_enable_pct"": 0,  ""profit_stop_pct"": 1,  ""rsi_periods"": 8,  ""selector"": ""gdax.ETH-USD"",  ""sell_pct"": 98,  ""sell_stop_pct"": 0,  ""start"": 1495929600000,  ""stats"": false,  ""strategy"": ""trend_ema"",  ""trend_ema"": 11,  ""verbose"": false}"
51.284,56.93,0.756,13.7,1512.83532848,59,78,"10m",10,11,28,7,"auto","{  ""asset_capital"": 0,  ""buy_pct"": 98,  ""buy_stop_pct"": 0,  ""currency_capital"": 1000,  ""days"": 10,  ""markup_pct"": 0,  ""max_sell_loss_pct"": 25,  ""max_slippage_pct"": 5,  ""min_periods"": 52,  ""mode"": ""sim"",  ""neutral_rate"": ""auto"",  ""order_adjust_time"": 30000,  ""oversold_rsi"": 28,  ""oversold_rsi_periods"": 7,  ""period"": ""10m"",  ""profit_stop_enable_pct"": 0,  ""profit_stop_pct"": 1,  ""rsi_periods"": 7,  ""selector"": ""gdax.ETH-USD"",  ""sell_pct"": 98,  ""sell_stop_pct"": 0,  ""start"": 1495929600000,  ""stats"": false,  ""strategy"": ""trend_ema"",  ""trend_ema"": 11,  ""verbose"": false}"
51.053,55.56,0.8,13.5,1510.52581853,60,75,"10m",10,11,25,6,"auto","{  ""asset_capital"": 0,  ""buy_pct"": 98,  ""buy_stop_pct"": 0,  ""currency_capital"": 1000,  ""days"": 10,  ""markup_pct"": 0,  ""max_sell_loss_pct"": 25,  ""max_slippage_pct"": 5,  ""min_periods"": 52,  ""mode"": ""sim"",  ""neutral_rate"": ""auto"",  ""order_adjust_time"": 30000,  ""oversold_rsi"": 25,  ""oversold_rsi_periods"": 6,  ""period"": ""10m"",  ""profit_stop_enable_pct"": 0,  ""profit_stop_pct"": 1,  ""rsi_periods"": 6,  ""selector"": ""gdax.ETH-USD"",  ""sell_pct"": 98,  ""sell_stop_pct"": 0,  ""start"": 1495929600000,  ""stats"": false,  ""strategy"": ""trend_ema"",  ""trend_ema"": 11,  ""verbose"": false}"
50.157,54.55,0.833,2.2,1501.56698819,10,12,"10m",10,11,20,7,0.25,"{  ""asset_capital"": 0,  ""buy_pct"": 98,  ""buy_stop_pct"": 0,  ""currency_capital"": 1000,  ""days"": 10,  ""markup_pct"": 0,  ""max_sell_loss_pct"": 25,  ""max_slippage_pct"": 5,  ""min_periods"": 52,  ""mode"": ""sim"",  ""neutral_rate"": 0.25,  ""order_adjust_time"": 30000,  ""oversold_rsi"": 20,  ""oversold_rsi_periods"": 7,  ""period"": ""10m"",  ""profit_stop_enable_pct"": 0,  ""profit_stop_pct"": 1,  ""rsi_periods"": 7,  ""selector"": ""gdax.ETH-USD"",  ""sell_pct"": 98,  ""sell_stop_pct"": 0,  ""start"": 1495929600000,  ""stats"": false,  ""strategy"": ""trend_ema"",  ""trend_ema"": 11,  ""verbose"": false}"
49.3,59.09,0.692,2.2,1492.99620027,9,13,"10m",10,11,22,8,0.25,"{  ""asset_capital"": 0,  ""buy_pct"": 98,  ""buy_stop_pct"": 0,  ""currency_capital"": 1000,  ""days"": 10,  ""markup_pct"": 0,  ""max_sell_loss_pct"": 25,  ""max_slippage_pct"": 5,  ""min_periods"": 52,  ""mode"": ""sim"",  ""neutral_rate"": 0.25,  ""order_adjust_time"": 30000,  ""oversold_rsi"": 22,  ""oversold_rsi_periods"": 8,  ""period"": ""10m"",  ""profit_stop_enable_pct"": 0,  ""profit_stop_pct"": 1,  ""rsi_periods"": 8,  ""selector"": ""gdax.ETH-USD"",  ""sell_pct"": 98,  ""sell_stop_pct"": 0,  ""start"": 1495929600000,  ""stats"": false,  ""strategy"": ""trend_ema"",  ""trend_ema"": 11,  ""verbose"": false}"
49.241,59.09,0.692,2.2,1492.40600674,9,13,"10m",10,11,20,8,0.25,"{  ""asset_capital"": 0,  ""buy_pct"": 98,  ""buy_stop_pct"": 0,  ""currency_capital"": 1000,  ""days"": 10,  ""markup_pct"": 0,  ""max_sell_loss_pct"": 25,  ""max_slippage_pct"": 5,  ""min_periods"": 52,  ""mode"": ""sim"",  ""neutral_rate"": 0.25,  ""order_adjust_time"": 30000,  ""oversold_rsi"": 20,  ""oversold_rsi_periods"": 8,  ""period"": ""10m"",  ""profit_stop_enable_pct"": 0,  ""profit_stop_pct"": 1,  ""rsi_periods"": 8,  ""selector"": ""gdax.ETH-USD"",  ""sell_pct"": 98,  ""sell_stop_pct"": 0,  ""start"": 1495929600000,  ""stats"": false,  ""strategy"": ""trend_ema"",  ""trend_ema"": 11,  ""verbose"": false}"
49.241,59.09,0.692,2.2,1492.40600674,9,13,"10m",10,11,21,8,0.25,"{  ""asset_capital"": 0,  ""buy_pct"": 98,  ""buy_stop_pct"": 0,  ""currency_capital"": 1000,  ""days"": 10,  ""markup_pct"": 0,  ""max_sell_loss_pct"": 25,  ""max_slippage_pct"": 5,  ""min_periods"": 52,  ""mode"": ""sim"",  ""neutral_rate"": 0.25,  ""order_adjust_time"": 30000,  ""oversold_rsi"": 21,  ""oversold_rsi_periods"": 8,  ""period"": ""10m"",  ""profit_stop_enable_pct"": 0,  ""profit_stop_pct"": 1,  ""rsi_periods"": 8,  ""selector"": ""gdax.ETH-USD"",  ""sell_pct"": 98,  ""sell_stop_pct"": 0,  ""start"": 1495929600000,  ""stats"": false,  ""strategy"": ""trend_ema"",  ""trend_ema"": 11,  ""verbose"": false}"
48.802,57.66,0.734,13.7,1488.02481911,58,79,"10m",10,11,21,8,"auto","{  ""asset_capital"": 0,  ""buy_pct"": 98,  ""buy_stop_pct"": 0,  ""currency_capital"": 1000,  ""days"": 10,  ""markup_pct"": 0,  ""max_sell_loss_pct"": 25,  ""max_slippage_pct"": 5,  ""min_periods"": 52,  ""mode"": ""sim"",  ""neutral_rate"": ""auto"",  ""order_adjust_time"": 30000,  ""oversold_rsi"": 21,  ""oversold_rsi_periods"": 8,  ""period"": ""10m"",  ""profit_stop_enable_pct"": 0,  ""profit_stop_pct"": 1,  ""rsi_periods"": 8,  ""selector"": ""gdax.ETH-USD"",  ""sell_pct"": 98,  ""sell_stop_pct"": 0,  ""start"": 1495929600000,  ""stats"": false,  ""strategy"": ""trend_ema"",  ""trend_ema"": 11,  ""verbose"": false}"
47.998,56.74,0.762,14.1,1479.97564923,61,80,"10m",10,11,20,7,"auto","{  ""asset_capital"": 0,  ""buy_pct"": 98,  ""buy_stop_pct"": 0,  ""currency_capital"": 1000,  ""days"": 10,  ""markup_pct"": 0,  ""max_sell_loss_pct"": 25,  ""max_slippage_pct"": 5,  ""min_periods"": 52,  ""mode"": ""sim"",  ""neutral_rate"": ""auto"",  ""order_adjust_time"": 30000,  ""oversold_rsi"": 20,  ""oversold_rsi_periods"": 7,  ""period"": ""10m"",  ""profit_stop_enable_pct"": 0,  ""profit_stop_pct"": 1,  ""rsi_periods"": 7,  ""selector"": ""gdax.ETH-USD"",  ""sell_pct"": 98,  ""sell_stop_pct"": 0,  ""start"": 1495929600000,  ""stats"": false,  ""strategy"": ""trend_ema"",  ""trend_ema"": 11,  ""verbose"": false}"
47.806,57.14,0.75,14,1478.05832521,60,80,"10m",10,11,22,8,"auto","{  ""asset_capital"": 0,  ""buy_pct"": 98,  ""buy_stop_pct"": 0,  ""currency_capital"": 1000,  ""days"": 10,  ""markup_pct"": 0,  ""max_sell_loss_pct"": 25,  ""max_slippage_pct"": 5,  ""min_periods"": 52,  ""mode"": ""sim"",  ""neutral_rate"": ""auto"",  ""order_adjust_time"": 30000,  ""oversold_rsi"": 22,  ""oversold_rsi_periods"": 8,  ""period"": ""10m"",  ""profit_stop_enable_pct"": 0,  ""profit_stop_pct"": 1,  ""rsi_periods"": 8,  ""selector"": ""gdax.ETH-USD"",  ""sell_pct"": 98,  ""sell_stop_pct"": 0,  ""start"": 1495929600000,  ""stats"": false,  ""strategy"": ""trend_ema"",  ""trend_ema"": 11,  ""verbose"": false}"
46.633,54.2,0.845,13.1,1466.33298384,60,71,"10m",10,11,30,7,"auto","{  ""asset_capital"": 0,  ""buy_pct"": 98,  ""buy_stop_pct"": 0,  ""currency_capital"": 1000,  ""days"": 10,  ""markup_pct"": 0,  ""max_sell_loss_pct"": 25,  ""max_slippage_pct"": 5,  ""min_periods"": 52,  ""mode"": ""sim"",  ""neutral_rate"": ""auto"",  ""order_adjust_time"": 30000,  ""oversold_rsi"": 30,  ""oversold_rsi_periods"": 7,  ""period"": ""10m"",  ""profit_stop_enable_pct"": 0,  ""profit_stop_pct"": 1,  ""rsi_periods"": 7,  ""selector"": ""gdax.ETH-USD"",  ""sell_pct"": 98,  ""sell_stop_pct"": 0,  ""start"": 1495929600000,  ""stats"": false,  ""strategy"": ""trend_ema"",  ""trend_ema"": 11,  ""verbose"": false}"